No,kode_provinsi,nama_provinsi,bps_kode_kabupaten_kota,bps_nama_kabupaten_kota,no_segmen,segmen,hari,volume_lalu_lintas,satuan,tahun
1,32,JAWA BARAT,3271,KOTA BOGOR,3,SIMP. TUGU KUJANG - SIMP. PANGRANGO,HARI KERJA,1653.4,SMP/JAM,2015
2,32,JAWA BARAT,3271,KOTA BOGOR,3,SIMP. PANGRANGO - SIMP. TUGU KUJANG,HARI KERJA,1328.6,SMP/JAM,2015
3,32,JAWA BARAT,3271,KOTA BOGOR,3,SIMP. TUGU KUJANG - SIMP. PANGRANGO,HARI LIBUR,1564.8,SMP/JAM,2015
4,32,JAWA BARAT,3271,KOTA BOGOR,3,SIMP. PANGRANGO - SIMP. TUGU KUJANG,HARI LIBUR,1210.6,SMP/JAM,2015
5,32,JAWA BARAT,3271,KOTA BOGOR,3,SIMP. TUGU KUJANG - SIMP. PANGRANGO,HARI KERJA,3661.11,SMP/JAM,2016
6,32,JAWA BARAT,3271,KOTA BOGOR,3,SIMP. TUGU KUJANG - SIMP. PANGRANGO,HARI LIBUR,2987.33,SMP/JAM,2016
7,32,JAWA BARAT,3271,KOTA BOGOR,3,SIMP. RUMDIN - SIMP. TUGU KUJANG,HARI KERJA,3513,SMP/JAM,2017
8,32,JAWA BARAT,3271,KOTA BOGOR,3,SIMP. RUMDIN - SIMP. TUGU KUJANG,HARI LIBUR,4006.1,SMP/JAM,2017
9,32,JAWA BARAT,3271,KOTA BOGOR,3,SIMP. RUMDIN - SIMP. TUGU KUJANG,HARI KERJA,3513,SMP/JAM,2018
10,32,JAWA BARAT,3271,KOTA BOGOR,3,SIMP. RUMDIN - SIMP. TUGU KUJANG,HARI LIBUR,4006.1,SMP/JAM,2018
11,32,JAWA BARAT,3271,KOTA BOGOR,3,SIMP. PANGRANGO - SIMP. TUGU KUJANG,HARI KERJA,3734.33,SMP/JAM,2019
12,32,JAWA BARAT,3271,KOTA BOGOR,3,SIMP. PANGRANGO - SIMP. TUGU KUJANG,HARI LIBUR,3047.08,SMP/JAM,2019
13,32,JAWA BARAT,3271,KOTA BOGOR,3,SIMP. PANGRANGO - SIMP. TUGU KUJANG,HARI KERJA,3734.33,SMP/JAM,2020
14,32,JAWA BARAT,3271,KOTA BOGOR,3,SIMP. PANGRANGO - SIMP. TUGU KUJANG,HARI LIBUR,3047.08,SMP/JAM,2020
15,32,JAWA BARAT,3271,KOTA BOGOR,3,SIMP. PANGRANGO - SIMP. TUGU KUJANG,HARI KERJA,3417.64,SMP/JAM,2021
16,32,JAWA BARAT,3271,KOTA BOGOR,3,SIMP. PANGRANGO - SIMP. TUGU KUJANG,HARI LIBUR,3143.89,SMP/JAM,2021
17,32,JAWA BARAT,3271,KOTA BOGOR,3,SIMP. PANGRANGO - SIMP. TUGU KUJANG,HARI KERJA,3419.01,SMP/JAM,2022
18,32,JAWA BARAT,3271,KOTA BOGOR,3,SIMP. PANGRANGO - SIMP. TUGU KUJANG,HARI LIBUR,3145.15,SMP/JAM,2022
19,32,JAWA BARAT,3271,KOTA BOGOR,3,SIMP. PANGRANGO - SIMP. TUGU KUJANG,HARI KERJA,5719.01,SMP/JAM,2023
20,32,JAWA BARAT,3271,KOTA BOGOR,3,SIMP. TUGU KUJANG - SIMP. PANGRANGO,HARI KERJA,5719.01,SMP/JAM,2023
21,32,JAWA BARAT,3271,KOTA BOGOR,3,SIMP. PANGRANGO - SIMP. TUGU KUJANG,HARI LIBUR,5845.15,SMP/JAM,2023
22,32,JAWA BARAT,3271,KOTA BOGOR,3,SIMP. TUGU KUJANG - SIMP. PANGRANGO,HARI LIBUR,5845.15,SMP/JAM,2023
23,32,JAWA BARAT,3271,KOTA BOGOR,3,SIMP. PANGRANGO - SIMP. TUGU KUJANG,HARI KERJA,0,SMP/JAM,2024
24,32,JAWA BARAT,3271,KOTA BOGOR,3,SIMP. TUGU KUJANG - SIMP. PANGRANGO,HARI KERJA,0,SMP/JAM,2024
25,32,JAWA BARAT,3271,KOTA BOGOR,3,SIMP. PANGRANGO - SIMP. TUGU KUJANG,HARI LIBUR,0,SMP/JAM,2024
26,32,JAWA BARAT,3271,KOTA BOGOR,3,SIMP. TUGU KUJANG - SIMP. PANGRANGO,HARI LIBUR,0,SMP/JAM,2024
27,32,JAWA BARAT,3271,KOTA BOGOR,3,SIMP. PANGRANGO - SIMP. TUGU KUJANG,HARI KERJA,5271,SMP/JAM,2025
28,32,JAWA BARAT,3271,KOTA BOGOR,3,SIMP. TUGU KUJANG - SIMP. PANGRANGO,HARI KERJA,5271,SMP/JAM,2025
29,32,JAWA BARAT,3271,KOTA BOGOR,3,SIMP. PANGRANGO - SIMP. TUGU KUJANG,HARI LIBUR,5399,SMP/JAM,2025
30,32,JAWA BARAT,3271,KOTA BOGOR,3,SIMP. TUGU KUJANG - SIMP. PANGRANGO,HARI LIBUR,5399,SMP/JAM,2025
31,32,Jawa Barat,3271,Kota Bogor,1,"Simp.Talang-Karadenan
  (Batas Kota)","Hari
  Kerja",1527.3,smp/jam,2015
32,32,Jawa Barat,3271,Kota Bogor,1,"Karadenan
  (Batas Kota)-Simp.Talang","Hari
  Kerja",1527.3,smp/jam,2015
33,32,Jawa Barat,3271,Kota Bogor,1,"Simp.Talang-Karadenan
  (Batas Kota)","Hari
  Libur",1347.7,smp/jam,2015
34,32,Jawa Barat,3271,Kota Bogor,1,"Karadenan
  (Batas Kota)-Simp.Talang","Hari
  Libur",1347.7,smp/jam,2015
35,32,Jawa Barat,3271,Kota Bogor,1,"Simp.Talang-Karadenan
  (Batas Kota)","Hari
  Kerja",931.65,smp/jam,2016
36,32,Jawa Barat,3271,Kota Bogor,1,"Karadenan
  (Batas Kota)-Simp.Talang","Hari
  Kerja",817.11,smp/jam,2016
37,32,Jawa Barat,3271,Kota Bogor,1,"Simp.Talang-Karadenan
  (Batas Kota)","Hari
  Libur",822.1,smp/jam,2016
38,32,Jawa Barat,3271,Kota Bogor,1,"Karadenan
  (Batas Kota)-Simp.Talang","Hari
  Libur",788.4,smp/jam,2016
39,32,Jawa Barat,3271,Kota Bogor,1,"Simp.Talang-Karadenan
  (Batas Kota)","Hari
  Kerja",1573.3,smp/jam,2017
40,32,Jawa Barat,3271,Kota Bogor,1,"Karadenan
  (Batas Kota)-Simp.Talang","Hari
  Kerja",1573.3,smp/jam,2017
41,32,Jawa Barat,3271,Kota Bogor,1,"Simp.Talang-Karadenan
  (Batas Kota)","Hari
  Libur",1361.5,smp/jam,2017
42,32,Jawa Barat,3271,Kota Bogor,1,"Karadenan
  (Batas Kota)-Simp.Talang","Hari
  Libur",1361.5,smp/jam,2017
43,32,Jawa Barat,3271,Kota Bogor,1,"Simp.Talang-Karadenan
  (Batas Kota)","Hari
  Kerja",1573.3,smp/jam,2018
44,32,Jawa Barat,3271,Kota Bogor,1,"Karadenan
  (Batas Kota)-Simp.Talang","Hari
  Kerja",1573.3,smp/jam,2018
45,32,Jawa Barat,3271,Kota Bogor,1,"Simp.Talang-Karadenan
  (Batas Kota)","Hari
  Libur",1361.5,smp/jam,2018
46,32,Jawa Barat,3271,Kota Bogor,1,"Karadenan
  (Batas Kota)-Simp.Talang","Hari
  Libur",1361.5,smp/jam,2018
47,32,Jawa Barat,3271,Kota Bogor,1,"Simp.Talang-Karadenan
  (Batas Kota)","Hari
  Kerja",950.28,smp/jam,2019
48,32,Jawa Barat,3271,Kota Bogor,1,"Karadenan
  (Batas Kota)-Simp.Talang","Hari
  Kerja",833.45,smp/jam,2019
49,32,Jawa Barat,3271,Kota Bogor,1,"Simp.Talang-Karadenan
  (Batas Kota)","Hari
  Libur",838.54,smp/jam,2019
50,32,Jawa Barat,3271,Kota Bogor,1,"Karadenan
  (Batas Kota)-Simp.Talang","Hari
  Libur",804.17,smp/jam,2019
51,32,Jawa Barat,3271,Kota Bogor,1,"Simp.Talang-Karadenan
  (Batas Kota)","Hari
  Kerja",855.3,smp/jam,2020
52,32,Jawa Barat,3271,Kota Bogor,1,"Karadenan
  (Batas Kota)-Simp.Talang","Hari
  Kerja",750.2,smp/jam,2020
53,32,Jawa Barat,3271,Kota Bogor,1,"Simp.Talang-Karadenan
  (Batas Kota)","Hari
  Libur",754.7,smp/jam,2020
54,32,Jawa Barat,3271,Kota Bogor,1,"Karadenan
  (Batas Kota)-Simp.Talang","Hari
  Libur",723.8,smp/jam,2020
55,32,Jawa Barat,3271,Kota Bogor,1,"Simp.Talang-Karadenan
  (Batas Kota)","Hari
  Kerja",932.93,smp/jam,2021
56,32,Jawa Barat,3271,Kota Bogor,1,"Karadenan
  (Batas Kota)-Simp.Talang","Hari
  Kerja",821.49,smp/jam,2021
57,32,Jawa Barat,3271,Kota Bogor,1,"Simp.Talang-Karadenan
  (Batas Kota)","Hari
  Libur",803.77,smp/jam,2021
58,32,Jawa Barat,3271,Kota Bogor,1,"Karadenan
  (Batas Kota)-Simp.Talang","Hari
  Libur",784.42,smp/jam,2021
59,32,Jawa Barat,3271,Kota Bogor,1,"Simp.Talang-Karadenan
  (Batas Kota)","Hari
  Kerja",933.3,smp/jam,2022
60,32,Jawa Barat,3271,Kota Bogor,1,"Karadenan
  (Batas Kota)-Simp.Talang","Hari
  Kerja",821.82,smp/jam,2022
61,32,Jawa Barat,3271,Kota Bogor,1,"Simp.Talang-Karadenan
  (Batas Kota)","Hari
  Libur",804.09,smp/jam,2022
62,32,Jawa Barat,3271,Kota Bogor,1,"Karadenan
  (Batas Kota)-Simp.Talang","Hari
  Libur",784.73,smp/jam,2022
63,32,Jawa Barat,3271,Kota Bogor,1,"Simp.Talang-Karadenan
  (Batas Kota)","Hari
  Kerja",1755.12,smp/jam,2023
64,32,Jawa Barat,3271,Kota Bogor,1,"Karadenan
  (Batas Kota)-Simp.Talang","Hari
  Kerja",1755.12,smp/jam,2023
65,32,Jawa Barat,3271,Kota Bogor,1,"Simp.Talang-Karadenan
  (Batas Kota)","Hari
  Libur",1588.83,smp/jam,2023
66,32,Jawa Barat,3271,Kota Bogor,1,"Karadenan
  (Batas Kota)-Simp.Talang","Hari
  Libur",1588.83,smp/jam,2023
67,32,Jawa Barat,3271,Kota Bogor,1,"Simp.Talang-Karadenan
  (Batas Kota)","Hari
  Kerja",0,smp/jam,2024
68,32,Jawa Barat,3271,Kota Bogor,1,"Karadenan
  (Batas Kota)-Simp.Talang","Hari
  Kerja",0,smp/jam,2024
69,32,Jawa Barat,3271,Kota Bogor,1,"Simp.Talang-Karadenan
  (Batas Kota)","Hari
  Libur",0,smp/jam,2024
70,32,Jawa Barat,3271,Kota Bogor,1,"Karadenan
  (Batas Kota)-Simp.Talang","Hari
  Libur",0,smp/jam,2024
71,32,Jawa Barat,3271,Kota Bogor,1,"Simp.Talang-Karadenan
  (Batas Kota)","Hari
  Kerja",1773,smp/jam,2025
72,32,Jawa Barat,3271,Kota Bogor,1,"Karadenan
  (Batas Kota)-Simp.Talang","Hari
  Kerja",1773,smp/jam,2025
73,32,Jawa Barat,3271,Kota Bogor,1,"Simp.Talang-Karadenan
  (Batas Kota)","Hari
  Libur",1605,smp/jam,2025
74,32,Jawa Barat,3271,Kota Bogor,1,"Karadenan
  (Batas Kota)-Simp.Talang","Hari
  Libur",1605,smp/jam,2025
75,32,JAWA BARAT,3271,KOTA BOGOR,1,"SIMANG
  WARUNG JAMBU - SIMPANG NARKOBA (BORR)",HARI KERJA,1180.8,SMP/JAM,2015
76,32,JAWA BARAT,3271,KOTA BOGOR,1,"SIMPANG
  NARKOBA (BORR) - SIMPANG WARUNG JAMBU",HARI KERJA,85500,SMP/JAM,2015
77,32,JAWA BARAT,3271,KOTA BOGOR,2,"SIMPANG
  NARKOBA (BORR) - SIMPANG TALANG",HARI KERJA,2456.5,SMP/JAM,2015
78,32,JAWA BARAT,3271,KOTA BOGOR,2,"SIMPANG
  TALANG - SIMPANG NARKOBA (BORR)",HARI KERJA,2456.5,SMP/JAM,2015
79,32,JAWA BARAT,3271,KOTA BOGOR,3,"SIMPANG
  TALANG - SIMPANG POMAD",HARI KERJA,1754.7,SMP/JAM,2015
80,32,JAWA BARAT,3271,KOTA BOGOR,3,"SIMPANG
  POMAD - SIMPANG TALANG",HARI KERJA,1754.7,SMP/JAM,2015
81,32,JAWA BARAT,3271,KOTA BOGOR,4,"SIMPANG
  POMAD - SIMPANG CILUAR (BATAS KOTA)",HARI KERJA,1598.8,SMP/JAM,2015
82,32,JAWA BARAT,3271,KOTA BOGOR,4,"SIMPANG
  CILUAR (BATAS KOTA) - SIMPANG POMAD",HARI KERJA,1598.8,SMP/JAM,2015
83,32,JAWA BARAT,3271,KOTA BOGOR,1,"SIMPANG
  NARKOBA (BORR) - UNDERPASS",HARI LIBUR,956.8,SMP/JAM,2015
84,32,JAWA BARAT,3271,KOTA BOGOR,1,"UNDERPASS
  - SIMPANG NARKOBA (BORR)",HARI LIBUR,895.8,SMP/JAM,2015
85,32,JAWA BARAT,3271,KOTA BOGOR,2,"UNDERPASS
  - SIMPANG YASMIN",HARI LIBUR,2183.6,SMP/JAM,2015
86,32,JAWA BARAT,3271,KOTA BOGOR,2,"SIMPANG
  YASMIN - UNDERPASS",HARI LIBUR,2183.6,SMP/JAM,2015
87,32,JAWA BARAT,3271,KOTA BOGOR,3,"SIMPANG
  YASMIN - SIMPANG KAYU MANIS",HARI LIBUR,1598.8,SMP/JAM,2015
88,32,JAWA BARAT,3271,KOTA BOGOR,3,"SIMPANG
  KAYU MANIS - SIMPANG YASMIN",HARI LIBUR,1598.8,SMP/JAM,2015
89,32,JAWA BARAT,3271,KOTA BOGOR,4,"SIMPANG
  KAYU MANIS - SALABENDA (BATAS KOTA)",HARI LIBUR,1520.8,SMP/JAM,2015
90,32,JAWA BARAT,3271,KOTA BOGOR,4,"SALABENDA
  (BATAS KOTA) - SIMPANG KAYU MANIS",HARI LIBUR,1520.8,SMP/JAM,2015
91,32,JAWA BARAT,3271,KOTA BOGOR,1,"SIMPANG
  WARUNG JAMBU - SIMPANG NARKOBA (BORR)",HARI KERJA,1499.62,SMP/JAM,2016
92,32,JAWA BARAT,3271,KOTA BOGOR,1,"SIMPANG
  NARKOBA (BORR) - SIMPANG WARUNG JAMBU",HARI KERJA,1205.55,SMP/JAM,2016
93,32,JAWA BARAT,3271,KOTA BOGOR,2,"SIMPANG
  NARKOBA (BORR) - SIMPANG TALANG",HARI KERJA,1547.6,SMP/JAM,2016
94,32,JAWA BARAT,3271,KOTA BOGOR,2,"SIMPANG
  TALANG - SIMPANG NARKOBA (BORR)",HARI KERJA,1412.49,SMP/JAM,2016
95,32,JAWA BARAT,3271,KOTA BOGOR,3,"SIMPANG
  TALANG - SIMPANG POMAD",HARI KERJA,1044.05,SMP/JAM,2016
96,32,JAWA BARAT,3271,KOTA BOGOR,3,"SIMPANG
  POMAD - SIMPANG TALANG",HARI KERJA,1237.06,SMP/JAM,2016
97,32,JAWA BARAT,3271,KOTA BOGOR,4,"SIMPANG
  POMAD - SIMPANG CILUAR (BATAS KOTA)",HARI KERJA,1039.22,SMP/JAM,2016
98,32,JAWA BARAT,3271,KOTA BOGOR,4,"SIMPANG
  CILUAR (BATAS KOTA) - SIMPANG POMAD",HARI KERJA,959.28,SMP/JAM,2016
99,32,JAWA BARAT,3271,KOTA BOGOR,1,"SIMPANG
  NARKOBA (BORR) - UNDERPASS",HARI LIBUR,1157.73,SMP/JAM,2016
100,32,JAWA BARAT,3271,KOTA BOGOR,1,"UNDERPASS
  - SIMPANG NARKOBA (BORR)",HARI LIBUR,1128.71,SMP/JAM,2016
101,32,JAWA BARAT,3271,KOTA BOGOR,2,"UNDERPASS
  - SIMPANG YASMIN",HARI LIBUR,1200.98,SMP/JAM,2016
102,32,JAWA BARAT,3271,KOTA BOGOR,2,"SIMPANG
  YASMIN - UNDERPASS",HARI LIBUR,1506.68,SMP/JAM,2016
103,32,JAWA BARAT,3271,KOTA BOGOR,3,"SIMPANG
  YASMIN - SIMPANG KAYU MANIS",HARI LIBUR,919.31,SMP/JAM,2016
104,32,JAWA BARAT,3271,KOTA BOGOR,3,"SIMPANG
  KAYU MANIS - SIMPANG YASMIN",HARI LIBUR,951.29,SMP/JAM,2016
105,32,JAWA BARAT,3271,KOTA BOGOR,4,"SIMPANG
  KAYU MANIS - SALABENDA (BATAS KOTA)",HARI LIBUR,859.25,SMP/JAM,2016
106,32,JAWA BARAT,3271,KOTA BOGOR,4,"SALABENDA
  (BATAS KOTA) - SIMPANG KAYU MANIS",HARI LIBUR,988.52,SMP/JAM,2016
107,32,JAWA BARAT,3271,KOTA BOGOR,1,"SIMPANG
  WARUNG JAMBU - SIMPANG NARKOBA (BORR)",HARI KERJA,997.2,SMP/JAM,2017
108,32,JAWA BARAT,3271,KOTA BOGOR,1,"SIMPANG
  NARKOBA (BORR) - SIMPANG WARUNG JAMBU",HARI KERJA,137900,SMP/JAM,2017
109,32,JAWA BARAT,3271,KOTA BOGOR,2,"SIMPANG
  NARKOBA (BORR) - SIMPANG TALANG",HARI KERJA,240300,SMP/JAM,2017
110,32,JAWA BARAT,3271,KOTA BOGOR,2,"SIMPANG
  TALANG - SIMPANG NARKOBA (BORR)",HARI KERJA,240300,SMP/JAM,2017
111,32,JAWA BARAT,3271,KOTA BOGOR,3,"SIMPANG
  TALANG - SIMPANG POMAD",HARI KERJA,1772.7,SMP/JAM,2017
112,32,JAWA BARAT,3271,KOTA BOGOR,3,"SIMPANG
  POMAD - SIMPANG TALANG",HARI KERJA,1772.7,SMP/JAM,2017
113,32,JAWA BARAT,3271,KOTA BOGOR,4,"SIMPANG
  POMAD - SIMPANG CILUAR (BATAS KOTA)",HARI KERJA,1654.5,SMP/JAM,2017
114,32,JAWA BARAT,3271,KOTA BOGOR,4,"SIMPANG
  CILUAR (BATAS KOTA) - SIMPANG POMAD",HARI KERJA,1654.5,SMP/JAM,2017
115,32,JAWA BARAT,3271,KOTA BOGOR,1,"SIMPANG
  NARKOBA (BORR) - UNDERPASS",HARI LIBUR,1039.6,SMP/JAM,2017
116,32,JAWA BARAT,3271,KOTA BOGOR,1,"UNDERPASS
  - SIMPANG NARKOBA (BORR)",HARI LIBUR,1527.6,SMP/JAM,2017
117,32,JAWA BARAT,3271,KOTA BOGOR,2,"UNDERPASS
  - SIMPANG YASMIN",HARI LIBUR,256000,SMP/JAM,2017
118,32,JAWA BARAT,3271,KOTA BOGOR,2,"SIMPANG
  YASMIN - UNDERPASS",HARI LIBUR,2560.5,SMP/JAM,2017
119,32,JAWA BARAT,3271,KOTA BOGOR,3,"SIMPANG
  YASMIN - SIMPANG KAYU MANIS",HARI LIBUR,2560.5,SMP/JAM,2017
120,32,JAWA BARAT,3271,KOTA BOGOR,3,"SIMPANG
  KAYU MANIS - SIMPANG YASMIN",HARI LIBUR,1654.5,SMP/JAM,2017
121,32,JAWA BARAT,3271,KOTA BOGOR,4,"SIMPANG
  KAYU MANIS - SALABENDA (BATAS KOTA)",HARI LIBUR,1496.9,SMP/JAM,2017
122,32,JAWA BARAT,3271,KOTA BOGOR,4,"SALABENDA
  (BATAS KOTA) - SIMPANG KAYU MANIS",HARI LIBUR,1496.9,SMP/JAM,2017
123,32,JAWA BARAT,3271,KOTA BOGOR,1,"SIMPANG
  WARUNG JAMBU - SIMPANG NARKOBA (BORR)",HARI KERJA,997.2,SMP/JAM,2018
124,32,JAWA BARAT,3271,KOTA BOGOR,1,"SIMPANG
  NARKOBA (BORR) - SIMPANG WARUNG JAMBU",HARI KERJA,137900,SMP/JAM,2018
125,32,JAWA BARAT,3271,KOTA BOGOR,2,"SIMPANG
  NARKOBA (BORR) - SIMPANG TALANG",HARI KERJA,240300,SMP/JAM,2018
126,32,JAWA BARAT,3271,KOTA BOGOR,2,"SIMPANG
  TALANG - SIMPANG NARKOBA (BORR)",HARI KERJA,240300,SMP/JAM,2018
127,32,JAWA BARAT,3271,KOTA BOGOR,3,"SIMPANG
  TALANG - SIMPANG POMAD",HARI KERJA,1772.7,SMP/JAM,2018
128,32,JAWA BARAT,3271,KOTA BOGOR,3,"SIMPANG
  POMAD - SIMPANG TALANG",HARI KERJA,1772.7,SMP/JAM,2018
129,32,JAWA BARAT,3271,KOTA BOGOR,4,"SIMPANG
  POMAD - SIMPANG CILUAR (BATAS KOTA)",HARI KERJA,1654.5,SMP/JAM,2018
130,32,JAWA BARAT,3271,KOTA BOGOR,4,"SIMPANG
  CILUAR (BATAS KOTA) - SIMPANG POMAD",HARI KERJA,1654.5,SMP/JAM,2018
131,32,JAWA BARAT,3271,KOTA BOGOR,1,"SIMPANG
  NARKOBA (BORR) - UNDERPASS",HARI LIBUR,1039.6,SMP/JAM,2018
132,32,JAWA BARAT,3271,KOTA BOGOR,1,"UNDERPASS
  - SIMPANG NARKOBA (BORR)",HARI LIBUR,1612.4,SMP/JAM,2018
133,32,JAWA BARAT,3271,KOTA BOGOR,2,"UNDERPASS
  - SIMPANG YASMIN",HARI LIBUR,2875.7,SMP/JAM,2018
134,32,JAWA BARAT,3271,KOTA BOGOR,2,"SIMPANG
  YASMIN - UNDERPASS",HARI LIBUR,2875.7,SMP/JAM,2018
135,32,JAWA BARAT,3271,KOTA BOGOR,3,"SIMPANG
  YASMIN - SIMPANG KAYU MANIS",HARI LIBUR,1654.5,SMP/JAM,2018
136,32,JAWA BARAT,3271,KOTA BOGOR,3,"SIMPANG
  KAYU MANIS - SIMPANG YASMIN",HARI LIBUR,1654.5,SMP/JAM,2018
137,32,JAWA BARAT,3271,KOTA BOGOR,4,"SIMPANG
  KAYU MANIS - SALABENDA (BATAS KOTA)",HARI LIBUR,1496.9,SMP/JAM,2018
138,32,JAWA BARAT,3271,KOTA BOGOR,4,"SALABENDA
  (BATAS KOTA) - SIMPANG KAYU MANIS",HARI LIBUR,1496.9,SMP/JAM,2018
139,32,JAWA BARAT,3271,KOTA BOGOR,1,"SIMPANG
  WARUNG JAMBU - SIMPANG NARKOBA (BORR)",HARI KERJA,1529.61,SMP/JAM,2019
140,32,JAWA BARAT,3271,KOTA BOGOR,1,"SIMPANG
  NARKOBA (BORR) - SIMPANG WARUNG JAMBU",HARI KERJA,1229.66,SMP/JAM,2019
141,32,JAWA BARAT,3271,KOTA BOGOR,2,"SIMPANG
  NARKOBA (BORR) - SIMPANG TALANG",HARI KERJA,1578.55,SMP/JAM,2019
142,32,JAWA BARAT,3271,KOTA BOGOR,2,"SIMPANG
  TALANG - SIMPANG NARKOBA (BORR)",HARI KERJA,1440.73,SMP/JAM,2019
143,32,JAWA BARAT,3271,KOTA BOGOR,3,"SIMPANG
  TALANG - SIMPANG POMAD",HARI KERJA,1064.93,SMP/JAM,2019
144,32,JAWA BARAT,3271,KOTA BOGOR,3,"SIMPANG
  POMAD - SIMPANG TALANG",HARI KERJA,1261.8,SMP/JAM,2019
145,32,JAWA BARAT,3271,KOTA BOGOR,4,"SIMPANG
  POMAD - SIMPANG CILUAR (BATAS KOTA)",HARI KERJA,106000,SMP/JAM,2019
146,32,JAWA BARAT,3271,KOTA BOGOR,4,"SIMPANG
  CILUAR (BATAS KOTA) - SIMPANG POMAD",HARI KERJA,978.47,SMP/JAM,2019
147,32,JAWA BARAT,3271,KOTA BOGOR,1,"SIMPANG
  NARKOBA (BORR) - UNDERPASS",HARI LIBUR,1180.88,SMP/JAM,2019
148,32,JAWA BARAT,3271,KOTA BOGOR,1,"UNDERPASS
  - SIMPANG NARKOBA (BORR)",HARI LIBUR,1151.28,SMP/JAM,2019
149,32,JAWA BARAT,3271,KOTA BOGOR,2,"UNDERPASS
  - SIMPANG YASMIN",HARI LIBUR,122500,SMP/JAM,2019
150,32,JAWA BARAT,3271,KOTA BOGOR,2,"SIMPANG
  YASMIN - UNDERPASS",HARI LIBUR,1536.82,SMP/JAM,2019
151,32,JAWA BARAT,3271,KOTA BOGOR,3,"SIMPANG
  YASMIN - SIMPANG KAYU MANIS",HARI LIBUR,937.7,SMP/JAM,2019
152,32,JAWA BARAT,3271,KOTA BOGOR,3,"SIMPANG
  KAYU MANIS - SIMPANG YASMIN",HARI LIBUR,970.31,SMP/JAM,2019
153,32,JAWA BARAT,3271,KOTA BOGOR,4,"SIMPANG
  KAYU MANIS - SALABENDA (BATAS KOTA)",HARI LIBUR,876.44,SMP/JAM,2019
154,32,JAWA BARAT,3271,KOTA BOGOR,4,"SALABENDA
  (BATAS KOTA) - SIMPANG KAYU MANIS",HARI LIBUR,1008.29,SMP/JAM,2019
155,32,JAWA BARAT,3271,KOTA BOGOR,1,"SIMPANG
  WARUNG JAMBU - SIMPANG NARKOBA (BORR)",HARI KERJA,1376.65,SMP/JAM,2020
156,32,JAWA BARAT,3271,KOTA BOGOR,1,"SIMPANG
  NARKOBA (BORR) - SIMPANG WARUNG JAMBU",HARI KERJA,1106.69,SMP/JAM,2020
157,32,JAWA BARAT,3271,KOTA BOGOR,2,"SIMPANG
  NARKOBA (BORR) - SIMPANG TALANG",HARI KERJA,1420.7,SMP/JAM,2020
158,32,JAWA BARAT,3271,KOTA BOGOR,2,"SIMPANG
  TALANG - SIMPANG NARKOBA (BORR)",HARI KERJA,1296.66,SMP/JAM,2020
159,32,JAWA BARAT,3271,KOTA BOGOR,3,"SIMPANG
  TALANG - SIMPANG POMAD",HARI KERJA,958.44,SMP/JAM,2020
160,32,JAWA BARAT,3271,KOTA BOGOR,3,"SIMPANG
  POMAD - SIMPANG TALANG",HARI KERJA,1135.62,SMP/JAM,2020
161,32,JAWA BARAT,3271,KOTA BOGOR,4,"SIMPANG
  POMAD - SIMPANG CILUAR (BATAS KOTA)",HARI KERJA,95400,SMP/JAM,2020
162,32,JAWA BARAT,3271,KOTA BOGOR,4,"SIMPANG
  CILUAR (BATAS KOTA) - SIMPANG POMAD",HARI KERJA,880.64,SMP/JAM,2020
163,32,JAWA BARAT,3271,KOTA BOGOR,1,"SIMPANG
  NARKOBA (BORR) - UNDERPASS",HARI LIBUR,1062.79,SMP/JAM,2020
164,32,JAWA BARAT,3271,KOTA BOGOR,1,"UNDERPASS
  - SIMPANG NARKOBA (BORR)",HARI LIBUR,1036.12,SMP/JAM,2020
165,32,JAWA BARAT,3271,KOTA BOGOR,2,"UNDERPASS
  - SIMPANG YASMIN",HARI LIBUR,1102.5,SMP/JAM,2020
166,32,JAWA BARAT,3271,KOTA BOGOR,2,"SIMPANG
  YASMIN - UNDERPASS",HARI LIBUR,1383.14,SMP/JAM,2020
167,32,JAWA BARAT,3271,KOTA BOGOR,3,"SIMPANG
  YASMIN - SIMPANG KAYU MANIS",HARI LIBUR,843.93,SMP/JAM,2020
168,32,JAWA BARAT,3271,KOTA BOGOR,3,"SIMPANG
  KAYU MANIS - SIMPANG YASMIN",HARI LIBUR,873.28,SMP/JAM,2020
169,32,JAWA BARAT,3271,KOTA BOGOR,4,"SIMPANG
  KAYU MANIS - SALABENDA (BATAS KOTA)",HARI LIBUR,788.8,SMP/JAM,2020
170,32,JAWA BARAT,3271,KOTA BOGOR,4,"SALABENDA
  (BATAS KOTA) - SIMPANG KAYU MANIS",HARI LIBUR,907.29,SMP/JAM,2020
171,32,JAWA BARAT,3271,KOTA BOGOR,1,"SIMPANG
  WARUNG JAMBU - SIMPANG NARKOBA (BORR)",HARI KERJA,1508.43,SMP/JAM,2021
172,32,JAWA BARAT,3271,KOTA BOGOR,1,"SIMPANG
  NARKOBA (BORR) - SIMPANG WARUNG JAMBU",HARI KERJA,1195.48,SMP/JAM,2021
173,32,JAWA BARAT,3271,KOTA BOGOR,2,"SIMPANG
  NARKOBA (BORR) - SIMPANG TALANG",HARI KERJA,1488.29,SMP/JAM,2021
174,32,JAWA BARAT,3271,KOTA BOGOR,1,"SIMPANG NARKOBA (BORR) -
  UNDERPASS",HARI KERJA,1360.6,SMP/JAM,2015
175,32,JAWA BARAT,3271,KOTA BOGOR,1,"UNDERPASS - SIMPANG NARKOBA
  (BORR)",HARI KERJA,1524.1,SMP/JAM,2015
176,32,JAWA BARAT,3271,KOTA BOGOR,2,UNDERPASS - SIMPANG YASMIN,HARI KERJA,1543.4,SMP/JAM,2015
177,32,JAWA BARAT,3271,KOTA BOGOR,2,SIMPANG YASMIN - UNDERPASS,HARI KERJA,1502.7,SMP/JAM,2015
178,32,JAWA BARAT,3271,KOTA BOGOR,3,"SIMPANG YASMIN - SIMPANG KAYU
  MANIS",HARI KERJA,1585.6,SMP/JAM,2015
179,32,JAWA BARAT,3271,KOTA BOGOR,3,"SIMPANG KAYU MANIS - SIMPANG
  YASMIN",HARI KERJA,1585.6,SMP/JAM,2015
180,32,JAWA BARAT,3271,KOTA BOGOR,4,"SIMPANG KAYU MANIS - SALABENDA
  (BATAS KOTA)",HARI KERJA,1533.5,SMP/JAM,2015
181,32,JAWA BARAT,3271,KOTA BOGOR,4,"SALABENDA (BATAS KOTA) - SIMPANG
  KAYU MANIS",HARI KERJA,1533.5,SMP/JAM,2015
182,32,JAWA BARAT,3271,KOTA BOGOR,1,"SIMPANG NARKOBA (BORR) -
  UNDERPASS",HARI LIBUR,1502.7,SMP/JAM,2015
183,32,JAWA BARAT,3271,KOTA BOGOR,1,"UNDERPASS - SIMPANG NARKOBA
  (BORR)",HARI LIBUR,1485.5,SMP/JAM,2015
184,32,JAWA BARAT,3271,KOTA BOGOR,2,UNDERPASS - SIMPANG YASMIN,HARI LIBUR,1502.7,SMP/JAM,2015
185,32,JAWA BARAT,3271,KOTA BOGOR,2,SIMPANG YASMIN - UNDERPASS,HARI LIBUR,1462.1,SMP/JAM,2015
186,32,JAWA BARAT,3271,KOTA BOGOR,3,"SIMPANG YASMIN - SIMPANG KAYU
  MANIS",HARI LIBUR,146600,SMP/JAM,2015
187,32,JAWA BARAT,3271,KOTA BOGOR,3,"SIMPANG KAYU MANIS - SIMPANG
  YASMIN",HARI LIBUR,146600,SMP/JAM,2015
188,32,JAWA BARAT,3271,KOTA BOGOR,4,"SIMPANG KAYU MANIS - SALABENDA
  (BATAS KOTA)",HARI LIBUR,1383.2,SMP/JAM,2015
189,32,JAWA BARAT,3271,KOTA BOGOR,4,"SALABENDA (BATAS KOTA) - SIMPANG
  KAYU MANIS",HARI LIBUR,1383.2,SMP/JAM,2015
190,32,JAWA BARAT,3271,KOTA BOGOR,1,"SIMPANG NARKOBA (BORR) -
  UNDERPASS",HARI KERJA,1537.48,SMP/JAM,2016
191,32,JAWA BARAT,3271,KOTA BOGOR,1,"UNDERPASS - SIMPANG NARKOBA
  (BORR)",HARI KERJA,1859.4,SMP/JAM,2016
192,32,JAWA BARAT,3271,KOTA BOGOR,2,UNDERPASS - SIMPANG YASMIN,HARI KERJA,2083.59,SMP/JAM,2016
193,32,JAWA BARAT,3271,KOTA BOGOR,2,SIMPANG YASMIN - UNDERPASS,HARI KERJA,1758.16,SMP/JAM,2016
194,32,JAWA BARAT,3271,KOTA BOGOR,3,"SIMPANG YASMIN - SIMPANG KAYU
  MANIS",HARI KERJA,872.08,SMP/JAM,2016
195,32,JAWA BARAT,3271,KOTA BOGOR,3,"SIMPANG KAYU MANIS - SIMPANG
  YASMIN",HARI KERJA,887.94,SMP/JAM,2016
196,32,JAWA BARAT,3271,KOTA BOGOR,4,"SIMPANG KAYU MANIS - SALABENDA
  (BATAS KOTA)",HARI KERJA,912.43,SMP/JAM,2016
197,32,JAWA BARAT,3271,KOTA BOGOR,4,"SALABENDA (BATAS KOTA) - SIMPANG
  KAYU MANIS",HARI KERJA,866.43,SMP/JAM,2016
198,32,JAWA BARAT,3271,KOTA BOGOR,1,"SIMPANG NARKOBA (BORR) -
  UNDERPASS",HARI LIBUR,1698.05,SMP/JAM,2016
199,32,JAWA BARAT,3271,KOTA BOGOR,1,"UNDERPASS - SIMPANG NARKOBA
  (BORR)",HARI LIBUR,1708.33,SMP/JAM,2016
200,32,JAWA BARAT,3271,KOTA BOGOR,2,UNDERPASS - SIMPANG YASMIN,HARI LIBUR,1637.94,SMP/JAM,2016
201,32,JAWA BARAT,3271,KOTA BOGOR,2,SIMPANG YASMIN - UNDERPASS,HARI LIBUR,1576.91,SMP/JAM,2016
202,32,JAWA BARAT,3271,KOTA BOGOR,3,"SIMPANG YASMIN - SIMPANG KAYU
  MANIS",HARI LIBUR,835.62,SMP/JAM,2016
203,32,JAWA BARAT,3271,KOTA BOGOR,3,"SIMPANG KAYU MANIS - SIMPANG
  YASMIN",HARI LIBUR,791.64,SMP/JAM,2016
204,32,JAWA BARAT,3271,KOTA BOGOR,4,"SIMPANG KAYU MANIS - SALABENDA
  (BATAS KOTA)",HARI LIBUR,864.5,SMP/JAM,2016
205,32,JAWA BARAT,3271,KOTA BOGOR,4,"SALABENDA (BATAS KOTA) - SIMPANG
  KAYU MANIS",HARI LIBUR,781.51,SMP/JAM,2016
206,32,JAWA BARAT,3271,KOTA BOGOR,1,"SIMPANG NARKOBA (BORR) -
  UNDERPASS",HARI KERJA,1704.7,SMP/JAM,2017
207,32,JAWA BARAT,3271,KOTA BOGOR,1,"UNDERPASS - SIMPANG NARKOBA
  (BORR)",HARI KERJA,1789.9,SMP/JAM,2017
208,32,JAWA BARAT,3271,KOTA BOGOR,2,UNDERPASS - SIMPANG YASMIN,HARI KERJA,1704.7,SMP/JAM,2017
209,32,JAWA BARAT,3271,KOTA BOGOR,2,SIMPANG YASMIN - UNDERPASS,HARI KERJA,1884.1,SMP/JAM,2017
210,32,JAWA BARAT,3271,KOTA BOGOR,3,"SIMPANG YASMIN - SIMPANG KAYU
  MANIS",HARI KERJA,1632.2,SMP/JAM,2017
211,32,JAWA BARAT,3271,KOTA BOGOR,3,"SIMPANG KAYU MANIS - SIMPANG
  YASMIN",HARI KERJA,1632.2,SMP/JAM,2017
212,32,JAWA BARAT,3271,KOTA BOGOR,4,"SIMPANG KAYU MANIS - SALABENDA
  (BATAS KOTA)",HARI KERJA,1579.6,SMP/JAM,2017
213,32,JAWA BARAT,3271,KOTA BOGOR,4,"SALABENDA (BATAS KOTA) - SIMPANG
  KAYU MANIS",HARI KERJA,1579.6,SMP/JAM,2017
214,32,JAWA BARAT,3271,KOTA BOGOR,1,"SIMPANG NARKOBA (BORR) -
  UNDERPASS",HARI LIBUR,2033.7,SMP/JAM,2017
215,32,JAWA BARAT,3271,KOTA BOGOR,1,"UNDERPASS - SIMPANG NARKOBA
  (BORR)",HARI LIBUR,2102.4,SMP/JAM,2017
216,32,JAWA BARAT,3271,KOTA BOGOR,2,UNDERPASS - SIMPANG YASMIN,HARI LIBUR,2033.7,SMP/JAM,2017
217,32,JAWA BARAT,3271,KOTA BOGOR,2,SIMPANG YASMIN - UNDERPASS,HARI LIBUR,2213.1,SMP/JAM,2017
218,32,JAWA BARAT,3271,KOTA BOGOR,3,"SIMPANG YASMIN - SIMPANG KAYU
  MANIS",HARI LIBUR,1481.1,SMP/JAM,2017
219,32,JAWA BARAT,3271,KOTA BOGOR,3,"SIMPANG KAYU MANIS - SIMPANG
  YASMIN",HARI LIBUR,1481.1,SMP/JAM,2017
220,32,JAWA BARAT,3271,KOTA BOGOR,4,"SIMPANG KAYU MANIS - SALABENDA
  (BATAS KOTA)",HARI LIBUR,1397.3,SMP/JAM,2017
221,32,JAWA BARAT,3271,KOTA BOGOR,4,"SALABENDA (BATAS KOTA) - SIMPANG
  KAYU MANIS",HARI LIBUR,1397.3,SMP/JAM,2017
222,32,JAWA BARAT,3271,KOTA BOGOR,1,"SIMPANG NARKOBA (BORR) -
  UNDERPASS",HARI KERJA,1704.7,SMP/JAM,2018
223,32,JAWA BARAT,3271,KOTA BOGOR,1,"UNDERPASS - SIMPANG NARKOBA
  (BORR)",HARI KERJA,1789.9,SMP/JAM,2018
224,32,JAWA BARAT,3271,KOTA BOGOR,2,UNDERPASS - SIMPANG YASMIN,HARI KERJA,1704.7,SMP/JAM,2018
225,32,JAWA BARAT,3271,KOTA BOGOR,2,SIMPANG YASMIN - UNDERPASS,HARI KERJA,1884.1,SMP/JAM,2018
226,32,JAWA BARAT,3271,KOTA BOGOR,3,"SIMPANG YASMIN - SIMPANG KAYU
  MANIS",HARI KERJA,1632.2,SMP/JAM,2018
227,32,JAWA BARAT,3271,KOTA BOGOR,3,"SIMPANG KAYU MANIS - SIMPANG
  YASMIN",HARI KERJA,1632.2,SMP/JAM,2018
228,32,JAWA BARAT,3271,KOTA BOGOR,4,"SIMPANG KAYU MANIS - SALABENDA
  (BATAS KOTA)",HARI KERJA,1579.6,SMP/JAM,2018
229,32,JAWA BARAT,3271,KOTA BOGOR,4,"SALABENDA (BATAS KOTA) - SIMPANG
  KAYU MANIS",HARI KERJA,1579.6,SMP/JAM,2018
230,32,JAWA BARAT,3271,KOTA BOGOR,1,"SIMPANG NARKOBA (BORR) -
  UNDERPASS",HARI LIBUR,2033.7,SMP/JAM,2018
231,32,JAWA BARAT,3271,KOTA BOGOR,1,"UNDERPASS - SIMPANG NARKOBA
  (BORR)",HARI LIBUR,2102.4,SMP/JAM,2018
232,32,JAWA BARAT,3271,KOTA BOGOR,2,UNDERPASS - SIMPANG YASMIN,HARI LIBUR,2033.7,SMP/JAM,2018
233,32,JAWA BARAT,3271,KOTA BOGOR,2,SIMPANG YASMIN - UNDERPASS,HARI LIBUR,2213.1,SMP/JAM,2018
234,32,JAWA BARAT,3271,KOTA BOGOR,3,"SIMPANG YASMIN - SIMPANG KAYU
  MANIS",HARI LIBUR,1481.1,SMP/JAM,2018
235,32,JAWA BARAT,3271,KOTA BOGOR,3,"SIMPANG KAYU MANIS - SIMPANG
  YASMIN",HARI LIBUR,1481.1,SMP/JAM,2018
236,32,JAWA BARAT,3271,KOTA BOGOR,4,"SIMPANG KAYU MANIS - SALABENDA
  (BATAS KOTA)",HARI LIBUR,1397.3,SMP/JAM,2018
237,32,JAWA BARAT,3271,KOTA BOGOR,4,"SALABENDA (BATAS KOTA) - SIMPANG
  KAYU MANIS",HARI LIBUR,1397.3,SMP/JAM,2018
238,32,JAWA BARAT,3271,KOTA BOGOR,1,"SIMPANG NARKOBA (BORR) -
  UNDERPASS",HARI KERJA,1568.22,SMP/JAM,2019
239,32,JAWA BARAT,3271,KOTA BOGOR,1,"UNDERPASS - SIMPANG NARKOBA
  (BORR)",HARI KERJA,1896.59,SMP/JAM,2019
240,32,JAWA BARAT,3271,KOTA BOGOR,2,UNDERPASS - SIMPANG YASMIN,HARI KERJA,2125.26,SMP/JAM,2019
241,32,JAWA BARAT,3271,KOTA BOGOR,2,SIMPANG YASMIN - UNDERPASS,HARI KERJA,1793.32,SMP/JAM,2019
242,32,JAWA BARAT,3271,KOTA BOGOR,3,"SIMPANG YASMIN - SIMPANG KAYU
  MANIS",HARI KERJA,889.52,SMP/JAM,2019
243,32,JAWA BARAT,3271,KOTA BOGOR,3,"SIMPANG KAYU MANIS - SIMPANG
  YASMIN",HARI KERJA,905.69,SMP/JAM,2019
244,32,JAWA BARAT,3271,KOTA BOGOR,4,"SIMPANG KAYU MANIS - SALABENDA
  (BATAS KOTA)",HARI KERJA,930.68,SMP/JAM,2019
245,32,JAWA BARAT,3271,KOTA BOGOR,4,"SALABENDA (BATAS KOTA) - SIMPANG
  KAYU MANIS",HARI KERJA,883.76,SMP/JAM,2019
246,32,JAWA BARAT,3271,KOTA BOGOR,1,"SIMPANG NARKOBA (BORR) -
  UNDERPASS",HARI LIBUR,1732.01,SMP/JAM,2019
247,32,JAWA BARAT,3271,KOTA BOGOR,1,"UNDERPASS - SIMPANG NARKOBA
  (BORR)",HARI LIBUR,1742.49,SMP/JAM,2019
248,32,JAWA BARAT,3271,KOTA BOGOR,2,UNDERPASS - SIMPANG YASMIN,HARI LIBUR,1670.7,SMP/JAM,2019
249,32,JAWA BARAT,3271,KOTA BOGOR,2,SIMPANG YASMIN - UNDERPASS,HARI LIBUR,1608.45,SMP/JAM,2019
250,32,JAWA BARAT,3271,KOTA BOGOR,3,"SIMPANG YASMIN - SIMPANG KAYU
  MANIS",HARI LIBUR,852.33,SMP/JAM,2019
251,32,JAWA BARAT,3271,KOTA BOGOR,3,"SIMPANG KAYU MANIS - SIMPANG
  YASMIN",HARI LIBUR,807.47,SMP/JAM,2019
252,32,JAWA BARAT,3271,KOTA BOGOR,4,"SIMPANG KAYU MANIS - SALABENDA
  (BATAS KOTA)",HARI LIBUR,881.79,SMP/JAM,2019
253,32,JAWA BARAT,3271,KOTA BOGOR,4,"SALABENDA (BATAS KOTA) - SIMPANG
  KAYU MANIS",HARI LIBUR,797.14,SMP/JAM,2019
254,32,JAWA BARAT,3271,KOTA BOGOR,1,"SIMPANG NARKOBA (BORR) -
  UNDERPASS",HARI KERJA,1411.4,SMP/JAM,2020
255,32,JAWA BARAT,3271,KOTA BOGOR,1,"UNDERPASS - SIMPANG NARKOBA
  (BORR)",HARI KERJA,1679.93,SMP/JAM,2020
256,32,JAWA BARAT,3271,KOTA BOGOR,2,UNDERPASS - SIMPANG YASMIN,HARI KERJA,1912.74,SMP/JAM,2020
257,32,JAWA BARAT,3271,KOTA BOGOR,2,SIMPANG YASMIN - UNDERPASS,HARI KERJA,1613.98,SMP/JAM,2020
258,32,JAWA BARAT,3271,KOTA BOGOR,3,"SIMPANG YASMIN - SIMPANG KAYU
  MANIS",HARI KERJA,800.76,SMP/JAM,2020
259,32,JAWA BARAT,3271,KOTA BOGOR,3,"SIMPANG KAYU MANIS - SIMPANG
  YASMIN",HARI KERJA,815.12,SMP/JAM,2020
260,32,JAWA BARAT,3271,KOTA BOGOR,4,"SIMPANG KAYU MANIS - SALABENDA
  (BATAS KOTA)",HARI KERJA,837.63,SMP/JAM,2020
261,32,JAWA BARAT,3271,KOTA BOGOR,4,"SALABENDA (BATAS KOTA) - SIMPANG
  KAYU MANIS",HARI KERJA,795.38,SMP/JAM,2020
262,32,JAWA BARAT,3271,KOTA BOGOR,1,"SIMPANG NARKOBA (BORR) -
  UNDERPASS",HARI LIBUR,1558.81,SMP/JAM,2020
263,32,JAWA BARAT,3271,KOTA BOGOR,1,"UNDERPASS - SIMPANG NARKOBA
  (BORR)",HARI LIBUR,1568.24,SMP/JAM,2020
264,32,JAWA BARAT,3271,KOTA BOGOR,2,UNDERPASS - SIMPANG YASMIN,HARI LIBUR,1503.63,SMP/JAM,2020
265,32,JAWA BARAT,3271,KOTA BOGOR,2,SIMPANG YASMIN - UNDERPASS,HARI LIBUR,1447.61,SMP/JAM,2020
266,32,JAWA BARAT,3271,KOTA BOGOR,3,"SIMPANG YASMIN - SIMPANG KAYU
  MANIS",HARI LIBUR,767.1,SMP/JAM,2020
267,32,JAWA BARAT,3271,KOTA BOGOR,3,"SIMPANG KAYU MANIS - SIMPANG
  YASMIN",HARI LIBUR,726.74,SMP/JAM,2020
268,32,JAWA BARAT,3271,KOTA BOGOR,4,"SIMPANG KAYU MANIS - SALABENDA
  (BATAS KOTA)",HARI LIBUR,793.61,SMP/JAM,2020
269,32,JAWA BARAT,3271,KOTA BOGOR,4,"SALABENDA (BATAS KOTA) - SIMPANG
  KAYU MANIS",HARI LIBUR,717.43,SMP/JAM,2020
270,32,JAWA BARAT,3271,KOTA BOGOR,1,"SIMPANG NARKOBA (BORR) -
  UNDERPASS",HARI KERJA,1483.53,SMP/JAM,2021
271,32,JAWA BARAT,3271,KOTA BOGOR,1,"UNDERPASS - SIMPANG NARKOBA
  (BORR)",HARI KERJA,1638.94,SMP/JAM,2021
272,32,JAWA BARAT,3271,KOTA BOGOR,2,UNDERPASS - SIMPANG YASMIN,HARI KERJA,2049.75,SMP/JAM,2021
273,32,JAWA BARAT,3271,KOTA BOGOR,2,SIMPANG YASMIN - UNDERPASS,HARI KERJA,1743.4,SMP/JAM,2021
274,32,JAWA BARAT,3271,KOTA BOGOR,3,"SIMPANG YASMIN - SIMPANG KAYU
  MANIS",HARI KERJA,867.92,SMP/JAM,2021
275,32,JAWA BARAT,3271,KOTA BOGOR,3,"SIMPANG KAYU MANIS - SIMPANG
  YASMIN",HARI KERJA,894.25,SMP/JAM,2021
276,32,JAWA BARAT,3271,KOTA BOGOR,4,"SIMPANG KAYU MANIS - SALABENDA
  (BATAS KOTA)",HARI KERJA,914.3,SMP/JAM,2021
277,32,JAWA BARAT,3271,KOTA BOGOR,4,"SALABENDA (BATAS KOTA) - SIMPANG
  KAYU MANIS",HARI KERJA,820.59,SMP/JAM,2021
278,32,JAWA BARAT,3271,KOTA BOGOR,1,"SIMPANG NARKOBA (BORR) -
  UNDERPASS",HARI LIBUR,1683.93,SMP/JAM,2021
279,32,JAWA BARAT,3271,KOTA BOGOR,1,"UNDERPASS - SIMPANG NARKOBA
  (BORR)",HARI LIBUR,1630.84,SMP/JAM,2021
280,32,JAWA BARAT,3271,KOTA BOGOR,2,UNDERPASS - SIMPANG YASMIN,HARI LIBUR,1602.94,SMP/JAM,2021
281,32,JAWA BARAT,3271,KOTA BOGOR,2,SIMPANG YASMIN - UNDERPASS,HARI LIBUR,1573.38,SMP/JAM,2021
282,32,JAWA BARAT,3271,KOTA BOGOR,3,"SIMPANG YASMIN - SIMPANG KAYU
  MANIS",HARI LIBUR,834.52,SMP/JAM,2021
283,32,JAWA BARAT,3271,KOTA BOGOR,3,"SIMPANG KAYU MANIS - SIMPANG
  YASMIN",HARI LIBUR,783.29,SMP/JAM,2021
284,32,JAWA BARAT,3271,KOTA BOGOR,4,"SIMPANG KAYU MANIS - SALABENDA
  (BATAS KOTA)",HARI LIBUR,869.53,SMP/JAM,2021
285,32,JAWA BARAT,3271,KOTA BOGOR,4,"SALABENDA (BATAS KOTA) - SIMPANG
  KAYU MANIS",HARI LIBUR,773.94,SMP/JAM,2021
286,32,JAWA BARAT,3271,KOTA BOGOR,1,"SIMPANG NARKOBA (BORR) -
  UNDERPASS",HARI KERJA,1484.12,SMP/JAM,2022
287,32,JAWA BARAT,3271,KOTA BOGOR,1,"UNDERPASS - SIMPANG NARKOBA
  (BORR)",HARI KERJA,1639.6,SMP/JAM,2022
288,32,JAWA BARAT,3271,KOTA BOGOR,2,UNDERPASS - SIMPANG YASMIN,HARI KERJA,2050.57,SMP/JAM,2022
289,32,JAWA BARAT,3271,KOTA BOGOR,2,SIMPANG YASMIN - UNDERPASS,HARI KERJA,1744.1,SMP/JAM,2022
290,32,JAWA BARAT,3271,KOTA BOGOR,3,"SIMPANG YASMIN - SIMPANG KAYU
  MANIS",HARI KERJA,868.27,SMP/JAM,2022
291,32,JAWA BARAT,3271,KOTA BOGOR,3,"SIMPANG KAYU MANIS - SIMPANG
  YASMIN",HARI KERJA,894.61,SMP/JAM,2022
292,32,JAWA BARAT,3271,KOTA BOGOR,4,"SIMPANG KAYU MANIS - SALABENDA
  (BATAS KOTA)",HARI KERJA,914.67,SMP/JAM,2022
293,32,JAWA BARAT,3271,KOTA BOGOR,4,"SALABENDA (BATAS KOTA) - SIMPANG
  KAYU MANIS",HARI KERJA,820.92,SMP/JAM,2022
294,32,JAWA BARAT,3271,KOTA BOGOR,1,"SIMPANG NARKOBA (BORR) -
  UNDERPASS",HARI LIBUR,1684.6,SMP/JAM,2022
295,32,JAWA BARAT,3271,KOTA BOGOR,1,"UNDERPASS - SIMPANG NARKOBA
  (BORR)",HARI LIBUR,1631.49,SMP/JAM,2022
296,32,JAWA BARAT,3271,KOTA BOGOR,2,UNDERPASS - SIMPANG YASMIN,HARI LIBUR,1603.58,SMP/JAM,2022
297,32,JAWA BARAT,3271,KOTA BOGOR,2,SIMPANG YASMIN - UNDERPASS,HARI LIBUR,1574.01,SMP/JAM,2022
298,32,JAWA BARAT,3271,KOTA BOGOR,3,"SIMPANG YASMIN - SIMPANG KAYU
  MANIS",HARI LIBUR,834.85,SMP/JAM,2022
299,32,JAWA BARAT,3271,KOTA BOGOR,3,"SIMPANG KAYU MANIS - SIMPANG
  YASMIN",HARI LIBUR,783.6,SMP/JAM,2022
300,32,JAWA BARAT,3271,KOTA BOGOR,4,"SIMPANG KAYU MANIS - SALABENDA
  (BATAS KOTA)",HARI LIBUR,869.88,SMP/JAM,2022
301,32,JAWA BARAT,3271,KOTA BOGOR,4,"SALABENDA (BATAS KOTA) - SIMPANG
  KAYU MANIS",HARI LIBUR,774.25,SMP/JAM,2022
302,32,JAWA BARAT,3271,KOTA BOGOR,1,"SIMPANG NARKOBA (BORR) -
  UNDERPASS",HARI KERJA,1484.12,SMP/JAM,2023
303,32,JAWA BARAT,3271,KOTA BOGOR,1,"UNDERPASS - SIMPANG NARKOBA
  (BORR)",HARI KERJA,1639.6,SMP/JAM,2023
304,32,JAWA BARAT,3271,KOTA BOGOR,2,UNDERPASS - SIMPANG YASMIN,HARI KERJA,2050.57,SMP/JAM,2023
305,32,JAWA BARAT,3271,KOTA BOGOR,2,SIMPANG YASMIN - UNDERPASS,HARI KERJA,1844.1,SMP/JAM,2023
306,32,JAWA BARAT,3271,KOTA BOGOR,3,"SIMPANG YASMIN - SIMPANG KAYU
  MANIS",HARI KERJA,868.27,SMP/JAM,2023
307,32,JAWA BARAT,3271,KOTA BOGOR,3,"SIMPANG KAYU MANIS - SIMPANG
  YASMIN",HARI KERJA,894.61,SMP/JAM,2023
308,32,JAWA BARAT,3271,KOTA BOGOR,4,"SIMPANG KAYU MANIS - SALABENDA
  (BATAS KOTA)",HARI KERJA,914.67,SMP/JAM,2023
309,32,JAWA BARAT,3271,KOTA BOGOR,4,"SALABENDA (BATAS KOTA) - SIMPANG
  KAYU MANIS",HARI KERJA,820.92,SMP/JAM,2023
310,32,JAWA BARAT,3271,KOTA BOGOR,1,"SIMPANG NARKOBA (BORR) -
  UNDERPASS",HARI LIBUR,1684.6,SMP/JAM,2023
311,32,JAWA BARAT,3271,KOTA BOGOR,1,"UNDERPASS - SIMPANG NARKOBA
  (BORR)",HARI LIBUR,1631.49,SMP/JAM,2023
312,32,JAWA BARAT,3271,KOTA BOGOR,2,UNDERPASS - SIMPANG YASMIN,HARI LIBUR,1803.58,SMP/JAM,2023
313,32,JAWA BARAT,3271,KOTA BOGOR,2,SIMPANG YASMIN - UNDERPASS,HARI LIBUR,1674.01,SMP/JAM,2023
314,32,JAWA BARAT,3271,KOTA BOGOR,3,"SIMPANG YASMIN - SIMPANG KAYU
  MANIS",HARI LIBUR,834.85,SMP/JAM,2023
315,32,JAWA BARAT,3271,KOTA BOGOR,3,"SIMPANG KAYU MANIS - SIMPANG
  YASMIN",HARI LIBUR,783.6,SMP/JAM,2023
316,32,JAWA BARAT,3271,KOTA BOGOR,4,"SIMPANG KAYU MANIS - SALABENDA
  (BATAS KOTA)",HARI LIBUR,869.88,SMP/JAM,2023
317,32,JAWA BARAT,3271,KOTA BOGOR,4,"SALABENDA (BATAS KOTA) - SIMPANG
  KAYU MANIS",HARI LIBUR,774.25,SMP/JAM,2023
318,32,JAWA BARAT,3271,KOTA BOGOR,1,"SIMPANG NARKOBA (BORR) -
  UNDERPASS",HARI KERJA,0,SMP/JAM,2024
319,32,JAWA BARAT,3271,KOTA BOGOR,1,"UNDERPASS - SIMPANG NARKOBA
  (BORR)",HARI KERJA,0,SMP/JAM,2024
320,32,JAWA BARAT,3271,KOTA BOGOR,2,UNDERPASS - SIMPANG YASMIN,HARI KERJA,0,SMP/JAM,2024
321,32,JAWA BARAT,3271,KOTA BOGOR,2,SIMPANG YASMIN - UNDERPASS,HARI KERJA,0,SMP/JAM,2024
322,32,JAWA BARAT,3271,KOTA BOGOR,3,"SIMPANG YASMIN - SIMPANG KAYU
  MANIS",HARI KERJA,0,SMP/JAM,2024
323,32,JAWA BARAT,3271,KOTA BOGOR,3,"SIMPANG KAYU MANIS - SIMPANG
  YASMIN",HARI KERJA,0,SMP/JAM,2024
324,32,JAWA BARAT,3271,KOTA BOGOR,4,"SIMPANG KAYU MANIS - SALABENDA
  (BATAS KOTA)",HARI KERJA,0,SMP/JAM,2024
325,32,JAWA BARAT,3271,KOTA BOGOR,4,"SALABENDA (BATAS KOTA) - SIMPANG
  KAYU MANIS",HARI KERJA,0,SMP/JAM,2024
326,32,JAWA BARAT,3271,KOTA BOGOR,1,"SIMPANG NARKOBA (BORR) -
  UNDERPASS",HARI LIBUR,0,SMP/JAM,2024
327,32,JAWA BARAT,3271,KOTA BOGOR,1,"UNDERPASS - SIMPANG NARKOBA
  (BORR)",HARI LIBUR,0,SMP/JAM,2024
328,32,JAWA BARAT,3271,KOTA BOGOR,2,UNDERPASS - SIMPANG YASMIN,HARI LIBUR,0,SMP/JAM,2024
329,32,JAWA BARAT,3271,KOTA BOGOR,2,SIMPANG YASMIN - UNDERPASS,HARI LIBUR,0,SMP/JAM,2024
330,32,JAWA BARAT,3271,KOTA BOGOR,3,"SIMPANG YASMIN - SIMPANG KAYU
  MANIS",HARI LIBUR,0,SMP/JAM,2024
331,32,JAWA BARAT,3271,KOTA BOGOR,3,"SIMPANG KAYU MANIS - SIMPANG
  YASMIN",HARI LIBUR,0,SMP/JAM,2024
332,32,JAWA BARAT,3271,KOTA BOGOR,4,"SIMPANG KAYU MANIS - SALABENDA
  (BATAS KOTA)",HARI LIBUR,0,SMP/JAM,2024
333,32,JAWA BARAT,3271,KOTA BOGOR,4,"SALABENDA (BATAS KOTA) - SIMPANG
  KAYU MANIS",HARI LIBUR,0,SMP/JAM,2024
334,32,JAWA BARAT,3271,KOTA BOGOR,1,"SIMPANG NARKOBA (BORR) -
  UNDERPASS",HARI KERJA,1799,SMP/JAM,2025
335,32,JAWA BARAT,3271,KOTA BOGOR,1,"UNDERPASS - SIMPANG NARKOBA
  (BORR)",HARI KERJA,1656,SMP/JAM,2025
336,32,JAWA BARAT,3271,KOTA BOGOR,2,UNDERPASS - SIMPANG YASMIN,HARI KERJA,2071,SMP/JAM,2025
337,32,JAWA BARAT,3271,KOTA BOGOR,2,SIMPANG YASMIN - UNDERPASS,HARI KERJA,1863,SMP/JAM,2025
338,32,JAWA BARAT,3271,KOTA BOGOR,3,"SIMPANG YASMIN - SIMPANG KAYU
  MANIS",HARI KERJA,877,SMP/JAM,2025
339,32,JAWA BARAT,3271,KOTA BOGOR,3,"SIMPANG KAYU MANIS - SIMPANG
  YASMIN",HARI KERJA,904,SMP/JAM,2025
340,32,JAWA BARAT,3271,KOTA BOGOR,4,"SIMPANG KAYU MANIS - SALABENDA
  (BATAS KOTA)",HARI KERJA,924,SMP/JAM,2025
341,32,JAWA BARAT,3271,KOTA BOGOR,4,"SALABENDA (BATAS KOTA) - SIMPANG
  KAYU MANIS",HARI KERJA,829,SMP/JAM,2025
342,32,JAWA BARAT,3271,KOTA BOGOR,1,"SIMPANG NARKOBA (BORR) -
  UNDERPASS",HARI LIBUR,1801,SMP/JAM,2025
343,32,JAWA BARAT,3271,KOTA BOGOR,1,"UNDERPASS - SIMPANG NARKOBA
  (BORR)",HARI LIBUR,1648,SMP/JAM,2025
344,32,JAWA BARAT,3271,KOTA BOGOR,2,UNDERPASS - SIMPANG YASMIN,HARI LIBUR,1822,SMP/JAM,2025
345,32,JAWA BARAT,3271,KOTA BOGOR,2,SIMPANG YASMIN - UNDERPASS,HARI LIBUR,1691,SMP/JAM,2025
346,32,JAWA BARAT,3271,KOTA BOGOR,3,"SIMPANG YASMIN - SIMPANG KAYU
  MANIS",HARI LIBUR,843,SMP/JAM,2025
347,32,JAWA BARAT,3271,KOTA BOGOR,3,"SIMPANG KAYU MANIS - SIMPANG
  YASMIN",HARI LIBUR,791,SMP/JAM,2025
348,32,JAWA BARAT,3271,KOTA BOGOR,4,"SIMPANG KAYU MANIS - SALABENDA
  (BATAS KOTA)",HARI LIBUR,879,SMP/JAM,2025
349,32,JAWA BARAT,3271,KOTA BOGOR,4,"SALABENDA (BATAS KOTA) - SIMPANG
  KAYU MANIS",HARI LIBUR,782,SMP/JAM,2025
350,32,JAWA BARAT,3271,KOTA BOGOR,1,"SIMPANG
  EKALOKASARI – SIMPANG BARANANGSIANG",HARI KERJA,1936.16,SMP/JAM,2022
351,32,JAWA BARAT,3271,KOTA BOGOR,1,SIMPANG EKALOKASARI – SIMPANG BARANANGSIANG,HARI LIBUR,1943.71,SMP/JAM,2022
352,32,JAWA BARAT,3271,KOTA BOGOR,1,"SIMPANG
  BARANANGSIANG – SIMPANG EKALOKASARI",HARI KERJA,2138.78,SMP/JAM,2022
353,32,JAWA BARAT,3271,KOTA BOGOR,1,SIMPANG BARANANGSIANG – SIMPANG EKALOKASARI,HARI LIBUR,2483.93,SMP/JAM,2022
354,32,JAWA BARAT,3271,KOTA BOGOR,2,"SIMPANG
  BARANANGSIANG – SIMPANG TUGU KUJANG",HARI KERJA,3056.14,SMP/JAM,2022
355,32,JAWA BARAT,3271,KOTA BOGOR,2,SIMPANG BARANANGSIANG – SIMPANG TUGU KUJANG,HARI LIBUR,2034.08,SMP/JAM,2022
356,32,JAWA BARAT,3271,KOTA BOGOR,2,"SIMPANG TUGU
  KUJANG – SIMPANG BARANANGSIANG",HARI KERJA,2176.06,SMP/JAM,2022
357,32,JAWA BARAT,3271,KOTA BOGOR,2,SIMPANG TUGU KUJANG – SIMPANG BARANANGSIANG,HARI LIBUR,1721.03,SMP/JAM,2022
358,32,JAWA BARAT,3271,KOTA BOGOR,1,"SIMPANG
  EKALOKASARI – SIMPANG BARANANGSIANG",HARI KERJA,2236.16,SMP/JAM,2023
359,32,JAWA BARAT,3271,KOTA BOGOR,1,SIMPANG EKALOKASARI – SIMPANG BARANANGSIANG,HARI LIBUR,2343.71,SMP/JAM,2023
360,32,JAWA BARAT,3271,KOTA BOGOR,1,"SIMPANG
  BARANANGSIANG – SIMPANG EKALOKASARI",HARI KERJA,2138.78,SMP/JAM,2023
361,32,JAWA BARAT,3271,KOTA BOGOR,1,SIMPANG BARANANGSIANG – SIMPANG EKALOKASARI,HARI LIBUR,2483.93,SMP/JAM,2023
362,32,JAWA BARAT,3271,KOTA BOGOR,2,"SIMPANG
  BARANANGSIANG – SIMPANG TUGU KUJANG",HARI KERJA,2556.14,SMP/JAM,2023
363,32,JAWA BARAT,3271,KOTA BOGOR,2,SIMPANG BARANANGSIANG – SIMPANG TUGU KUJANG,HARI LIBUR,2334.08,SMP/JAM,2023
364,32,JAWA BARAT,3271,KOTA BOGOR,2,"SIMPANG TUGU
  KUJANG – SIMPANG BARANANGSIANG",HARI KERJA,2176.06,SMP/JAM,2023
365,32,JAWA BARAT,3271,KOTA BOGOR,2,SIMPANG TUGU KUJANG – SIMPANG BARANANGSIANG,HARI LIBUR,1821.03,SMP/JAM,2023
366,32,JAWA BARAT,3271,KOTA BOGOR,1,"SIMPANG
  EKALOKASARI – SIMPANG BARANANGSIANG",HARI KERJA,0,SMP/JAM,2024
367,32,JAWA BARAT,3271,KOTA BOGOR,1,SIMPANG EKALOKASARI – SIMPANG BARANANGSIANG,HARI LIBUR,0,SMP/JAM,2024
368,32,JAWA BARAT,3271,KOTA BOGOR,1,"SIMPANG
  BARANANGSIANG – SIMPANG EKALOKASARI",HARI KERJA,0,SMP/JAM,2024
369,32,JAWA BARAT,3271,KOTA BOGOR,1,SIMPANG BARANANGSIANG – SIMPANG EKALOKASARI,HARI LIBUR,0,SMP/JAM,2024
370,32,JAWA BARAT,3271,KOTA BOGOR,2,"SIMPANG
  BARANANGSIANG – SIMPANG TUGU KUJANG",HARI KERJA,0,SMP/JAM,2024
371,32,JAWA BARAT,3271,KOTA BOGOR,2,SIMPANG BARANANGSIANG – SIMPANG TUGU KUJANG,HARI LIBUR,0,SMP/JAM,2024
372,32,JAWA BARAT,3271,KOTA BOGOR,2,"SIMPANG TUGU
  KUJANG – SIMPANG BARANANGSIANG",HARI KERJA,0,SMP/JAM,2024
373,32,JAWA BARAT,3271,KOTA BOGOR,2,SIMPANG TUGU KUJANG – SIMPANG BARANANGSIANG,HARI LIBUR,0,SMP/JAM,2024
374,32,JAWA BARAT,3271,KOTA BOGOR,1,"SIMPANG
  EKALOKASARI – SIMPANG BARANANGSIANG",HARI KERJA,2259,SMP/JAM,2025
375,32,JAWA BARAT,3271,KOTA BOGOR,1,SIMPANG EKALOKASARI – SIMPANG BARANANGSIANG,HARI LIBUR,2367,SMP/JAM,2025
376,32,JAWA BARAT,3271,KOTA BOGOR,1,"SIMPANG
  BARANANGSIANG – SIMPANG EKALOKASARI",HARI KERJA,2160,SMP/JAM,2025
377,32,JAWA BARAT,3271,KOTA BOGOR,1,SIMPANG BARANANGSIANG – SIMPANG EKALOKASARI,HARI LIBUR,2509,SMP/JAM,2025
378,32,JAWA BARAT,3271,KOTA BOGOR,2,"SIMPANG
  BARANANGSIANG – SIMPANG TUGU KUJANG",HARI KERJA,2582,SMP/JAM,2025
379,32,JAWA BARAT,3271,KOTA BOGOR,2,SIMPANG BARANANGSIANG – SIMPANG TUGU KUJANG,HARI LIBUR,2357,SMP/JAM,2025
380,32,JAWA BARAT,3271,KOTA BOGOR,2,"SIMPANG TUGU
  KUJANG – SIMPANG BARANANGSIANG",HARI KERJA,2198,SMP/JAM,2025
381,32,JAWA BARAT,3271,KOTA BOGOR,2,SIMPANG TUGU KUJANG – SIMPANG BARANANGSIANG,HARI LIBUR,1839,SMP/JAM,2025
382,32,JAWA BARAT,3271,KOTA BOGOR,1,"SIMPANG
  WARUNG JAMBU - SIMPANG NARKOBA (BORR)",,2121.6,SMP/JAM,2015
383,32,JAWA BARAT,3271,KOTA BOGOR,1,"SIMPANG
  NARKOBA (BORR) - SIMPANG WARUNG JAMBU",,2121.6,SMP/JAM,2015
384,32,JAWA BARAT,3271,KOTA BOGOR,2,"SIMPANG
  NARKOBA (BORR) - SIMPANG TALANG",,3939.3,SMP/JAM,2015
385,32,JAWA BARAT,3271,KOTA BOGOR,2,"SIMPANG
  TALANG - SIMPANG NARKOBA (BORR)",,3939.3,SMP/JAM,2015
386,32,JAWA BARAT,3271,KOTA BOGOR,3,"SIMPANG
  TALANG - SIMPANG POMAD",,3939.3,SMP/JAM,2015
387,32,JAWA BARAT,3271,KOTA BOGOR,3,"SIMPANG
  POMAD - SIMPANG TALANG",,3939.3,SMP/JAM,2015
388,32,JAWA BARAT,3271,KOTA BOGOR,4,"SIMPANG
  POMAD - SIMPANG CILUAR (BATAS KOTA)",,3939.3,SMP/JAM,2015
389,32,JAWA BARAT,3271,KOTA BOGOR,4,"SIMPANG
  CILUAR (BATAS KOTA) - SIMPANG POMAD",,3939.3,SMP/JAM,2015
390,32,JAWA BARAT,3271,KOTA BOGOR,1,"SIMPANG
  WARUNG JAMBU - SIMPANG NARKOBA (BORR)",,3009.6,SMP/JAM,2016
391,32,JAWA BARAT,3271,KOTA BOGOR,1,"SIMPANG
  NARKOBA (BORR) - SIMPANG WARUNG JAMBU",,3009.6,SMP/JAM,2016
392,32,JAWA BARAT,3271,KOTA BOGOR,2,"SIMPANG
  NARKOBA (BORR) - SIMPANG TALANG",,2622,SMP/JAM,2016
393,32,JAWA BARAT,3271,KOTA BOGOR,2,"SIMPANG
  TALANG - SIMPANG NARKOBA (BORR)",,2511.6,SMP/JAM,2016
394,32,JAWA BARAT,3271,KOTA BOGOR,3,"SIMPANG
  TALANG - SIMPANG POMAD",,2622,SMP/JAM,2016
395,32,JAWA BARAT,3271,KOTA BOGOR,3,"SIMPANG
  POMAD - SIMPANG TALANG",,2760,SMP/JAM,2016
396,32,JAWA BARAT,3271,KOTA BOGOR,4,"SIMPANG
  POMAD - SIMPANG CILUAR (BATAS KOTA)",,2593.5,SMP/JAM,2016
397,32,JAWA BARAT,3271,KOTA BOGOR,4,"SIMPANG
  CILUAR (BATAS KOTA) - SIMPANG POMAD",,2593.5,SMP/JAM,2016
398,32,JAWA BARAT,3271,KOTA BOGOR,1,"SIMPANG
  WARUNG JAMBU - SIMPANG NARKOBA (BORR)",,2121.6,SMP/JAM,2017
399,32,JAWA BARAT,3271,KOTA BOGOR,1,"SIMPANG
  NARKOBA (BORR) - SIMPANG WARUNG JAMBU",,2121.6,SMP/JAM,2017
400,32,JAWA BARAT,3271,KOTA BOGOR,2,"SIMPANG
  NARKOBA (BORR) - SIMPANG TALANG",,3939.3,SMP/JAM,2017
401,32,JAWA BARAT,3271,KOTA BOGOR,2,"SIMPANG
  TALANG - SIMPANG NARKOBA (BORR)",,3939.3,SMP/JAM,2017
402,32,JAWA BARAT,3271,KOTA BOGOR,3,"SIMPANG
  TALANG - SIMPANG POMAD",,3939.3,SMP/JAM,2017
403,32,JAWA BARAT,3271,KOTA BOGOR,3,"SIMPANG
  POMAD - SIMPANG TALANG",,3939.3,SMP/JAM,2017
404,32,JAWA BARAT,3271,KOTA BOGOR,4,"SIMPANG
  POMAD - SIMPANG CILUAR (BATAS KOTA)",,3939.3,SMP/JAM,2017
405,32,JAWA BARAT,3271,KOTA BOGOR,4,"SIMPANG
  CILUAR (BATAS KOTA) - SIMPANG POMAD",,3939.3,SMP/JAM,2017
406,32,JAWA BARAT,3271,KOTA BOGOR,1,"SIMPANG
  WARUNG JAMBU - SIMPANG NARKOBA (BORR)",,2121.6,SMP/JAM,2018
407,32,JAWA BARAT,3271,KOTA BOGOR,1,"SIMPANG
  NARKOBA (BORR) - SIMPANG WARUNG JAMBU",,2121.6,SMP/JAM,2018
408,32,JAWA BARAT,3271,KOTA BOGOR,2,"SIMPANG
  NARKOBA (BORR) - SIMPANG TALANG",,3939.3,SMP/JAM,2018
409,32,JAWA BARAT,3271,KOTA BOGOR,2,"SIMPANG
  TALANG - SIMPANG NARKOBA (BORR)",,3939.3,SMP/JAM,2018
410,32,JAWA BARAT,3271,KOTA BOGOR,3,"SIMPANG
  TALANG - SIMPANG POMAD",,3939.3,SMP/JAM,2018
411,32,JAWA BARAT,3271,KOTA BOGOR,3,"SIMPANG
  POMAD - SIMPANG TALANG",,3939.3,SMP/JAM,2018
412,32,JAWA BARAT,3271,KOTA BOGOR,4,"SIMPANG
  POMAD - SIMPANG CILUAR (BATAS KOTA)",,3939.3,SMP/JAM,2018
413,32,JAWA BARAT,3271,KOTA BOGOR,4,"SIMPANG
  CILUAR (BATAS KOTA) - SIMPANG POMAD",,3939.3,SMP/JAM,2018
414,32,JAWA BARAT,3271,KOTA BOGOR,1,"SIMPANG
  WARUNG JAMBU - SIMPANG NARKOBA (BORR)",,3009.6,SMP/JAM,2019
415,32,JAWA BARAT,3271,KOTA BOGOR,1,"SIMPANG
  NARKOBA (BORR) - SIMPANG WARUNG JAMBU",,3009.6,SMP/JAM,2019
416,32,JAWA BARAT,3271,KOTA BOGOR,2,"SIMPANG
  NARKOBA (BORR) - SIMPANG TALANG",,2622,SMP/JAM,2019
417,32,JAWA BARAT,3271,KOTA BOGOR,2,"SIMPANG
  TALANG - SIMPANG NARKOBA (BORR)",,2511.6,SMP/JAM,2019
418,32,JAWA BARAT,3271,KOTA BOGOR,3,"SIMPANG
  TALANG - SIMPANG POMAD",,2622,SMP/JAM,2019
419,32,JAWA BARAT,3271,KOTA BOGOR,3,"SIMPANG
  POMAD - SIMPANG TALANG",,2760,SMP/JAM,2019
420,32,JAWA BARAT,3271,KOTA BOGOR,4,"SIMPANG
  POMAD - SIMPANG CILUAR (BATAS KOTA)",,2593.5,SMP/JAM,2019
421,32,JAWA BARAT,3271,KOTA BOGOR,4,"SIMPANG
  CILUAR (BATAS KOTA) - SIMPANG POMAD",,2593.5,SMP/JAM,2019
422,32,JAWA BARAT,3271,KOTA BOGOR,1,"SIMPANG
  WARUNG JAMBU - SIMPANG NARKOBA (BORR)",,3009.6,SMP/JAM,2020
423,32,JAWA BARAT,3271,KOTA BOGOR,1,"SIMPANG
  NARKOBA (BORR) - SIMPANG WARUNG JAMBU",,3009.6,SMP/JAM,2020
424,32,JAWA BARAT,3271,KOTA BOGOR,2,"SIMPANG
  NARKOBA (BORR) - SIMPANG TALANG",,2622,SMP/JAM,2020
425,32,JAWA BARAT,3271,KOTA BOGOR,2,"SIMPANG
  TALANG - SIMPANG NARKOBA (BORR)",,2511.6,SMP/JAM,2020
426,32,JAWA BARAT,3271,KOTA BOGOR,3,"SIMPANG
  TALANG - SIMPANG POMAD",,2622,SMP/JAM,2020
427,32,JAWA BARAT,3271,KOTA BOGOR,3,"SIMPANG
  POMAD - SIMPANG TALANG",,2760,SMP/JAM,2020
428,32,JAWA BARAT,3271,KOTA BOGOR,4,"SIMPANG
  POMAD - SIMPANG CILUAR (BATAS KOTA)",,2593.5,SMP/JAM,2020
429,32,JAWA BARAT,3271,KOTA BOGOR,4,"SIMPANG
  CILUAR (BATAS KOTA) - SIMPANG POMAD",,2593.5,SMP/JAM,2020
430,32,JAWA BARAT,3271,KOTA BOGOR,1,"SIMPANG
  WARUNG JAMBU - SIMPANG NARKOBA (BORR)",,3009.6,SMP/JAM,2021
431,32,JAWA BARAT,3271,KOTA BOGOR,1,"SIMPANG
  NARKOBA (BORR) - SIMPANG WARUNG JAMBU",,3009.6,SMP/JAM,2021
432,32,JAWA BARAT,3271,KOTA BOGOR,2,"SIMPANG
  NARKOBA (BORR) - SIMPANG TALANG",,2622,SMP/JAM,2021
433,32,JAWA BARAT,3271,KOTA BOGOR,2,"SIMPANG
  TALANG - SIMPANG NARKOBA (BORR)",,2511.6,SMP/JAM,2021
434,32,JAWA BARAT,3271,KOTA BOGOR,3,"SIMPANG
  TALANG - SIMPANG POMAD",,2622,SMP/JAM,2021
435,32,JAWA BARAT,3271,KOTA BOGOR,3,"SIMPANG
  POMAD - SIMPANG TALANG",,2760,SMP/JAM,2021
436,32,JAWA BARAT,3271,KOTA BOGOR,4,"SIMPANG
  POMAD - SIMPANG CILUAR (BATAS KOTA)",,2593.5,SMP/JAM,2021
437,32,JAWA BARAT,3271,KOTA BOGOR,4,"SIMPANG
  CILUAR (BATAS KOTA) - SIMPANG POMAD",,2593.5,SMP/JAM,2021
438,32,JAWA BARAT,3271,KOTA BOGOR,1,"SIMPANG
  WARUNG JAMBU - SIMPANG NARKOBA (BORR)",,3009.6,SMP/JAM,2022
439,32,JAWA BARAT,3271,KOTA BOGOR,1,"SIMPANG
  NARKOBA (BORR) - SIMPANG WARUNG JAMBU",,3009.6,SMP/JAM,2022
440,32,JAWA BARAT,3271,KOTA BOGOR,2,"SIMPANG
  NARKOBA (BORR) - SIMPANG TALANG",,2622,SMP/JAM,2022
441,32,JAWA BARAT,3271,KOTA BOGOR,2,"SIMPANG
  TALANG - SIMPANG NARKOBA (BORR)",,2511.6,SMP/JAM,2022
442,32,JAWA BARAT,3271,KOTA BOGOR,3,"SIMPANG
  TALANG - SIMPANG POMAD",,2622,SMP/JAM,2022
443,32,JAWA BARAT,3271,KOTA BOGOR,3,"SIMPANG
  POMAD - SIMPANG TALANG",,2760,SMP/JAM,2022
444,32,JAWA BARAT,3271,KOTA BOGOR,4,"SIMPANG
  POMAD - SIMPANG CILUAR (BATAS KOTA)",,2593.5,SMP/JAM,2022
445,32,JAWA BARAT,3271,KOTA BOGOR,4,"SIMPANG
  CILUAR (BATAS KOTA) - SIMPANG POMAD",,2593.5,SMP/JAM,2022
446,32,JAWA BARAT,3271,KOTA BOGOR,1,"SIMPANG
  WARUNG JAMBU - SIMPANG NARKOBA (BORR)",,3009.6,SMP/JAM,2023
447,32,JAWA BARAT,3271,KOTA BOGOR,1,"SIMPANG
  NARKOBA (BORR) - SIMPANG WARUNG JAMBU",,3009.6,SMP/JAM,2023
448,32,JAWA BARAT,3271,KOTA BOGOR,2,"SIMPANG
  NARKOBA (BORR) - SIMPANG TALANG",,5133.6,SMP/JAM,2023
449,32,JAWA BARAT,3271,KOTA BOGOR,2,"SIMPANG
  TALANG - SIMPANG NARKOBA (BORR)",,5133.6,SMP/JAM,2023
450,32,JAWA BARAT,3271,KOTA BOGOR,3,"SIMPANG
  TALANG - SIMPANG POMAD",,5382,SMP/JAM,2023
451,32,JAWA BARAT,3271,KOTA BOGOR,3,"SIMPANG
  POMAD - SIMPANG TALANG",,5382,SMP/JAM,2023
452,32,JAWA BARAT,3271,KOTA BOGOR,4,"SIMPANG
  POMAD - SIMPANG CILUAR (BATAS KOTA)",,5187,SMP/JAM,2023
453,32,JAWA BARAT,3271,KOTA BOGOR,4,"SIMPANG
  CILUAR (BATAS KOTA) - SIMPANG POMAD",,5187,SMP/JAM,2023
454,32,JAWA BARAT,3271,KOTA BOGOR,1,"SIMPANG
  WARUNG JAMBU - SIMPANG NARKOBA (BORR)",,0,SMP/JAM,2024
455,32,JAWA BARAT,3271,KOTA BOGOR,1,"SIMPANG
  NARKOBA (BORR) - SIMPANG WARUNG JAMBU",,0,SMP/JAM,2024
456,32,JAWA BARAT,3271,KOTA BOGOR,2,"SIMPANG
  NARKOBA (BORR) - SIMPANG TALANG",,0,SMP/JAM,2024
457,32,JAWA BARAT,3271,KOTA BOGOR,2,"SIMPANG
  TALANG - SIMPANG NARKOBA (BORR)",,0,SMP/JAM,2024
458,32,JAWA BARAT,3271,KOTA BOGOR,3,"SIMPANG
  TALANG - SIMPANG POMAD",,0,SMP/JAM,2024
459,32,JAWA BARAT,3271,KOTA BOGOR,3,"SIMPANG
  POMAD - SIMPANG TALANG",,0,SMP/JAM,2024
460,32,JAWA BARAT,3271,KOTA BOGOR,4,"SIMPANG
  POMAD - SIMPANG CILUAR (BATAS KOTA)",,0,SMP/JAM,2024
461,32,JAWA BARAT,3271,KOTA BOGOR,4,"SIMPANG
  CILUAR (BATAS KOTA) - SIMPANG POMAD",,0,SMP/JAM,2024
462,32,JAWA BARAT,3271,KOTA BOGOR,1,"SIMPANG
  WARUNG JAMBU - SIMPANG NARKOBA (BORR)",,3010,SMP/JAM,2025
463,32,JAWA BARAT,3271,KOTA BOGOR,1,"SIMPANG
  NARKOBA (BORR) - SIMPANG WARUNG JAMBU",,3010,SMP/JAM,2025
464,32,JAWA BARAT,3271,KOTA BOGOR,2,"SIMPANG
  NARKOBA (BORR) - SIMPANG TALANG",,5134,SMP/JAM,2025
465,32,JAWA BARAT,3271,KOTA BOGOR,2,"SIMPANG
  TALANG - SIMPANG NARKOBA (BORR)",,5134,SMP/JAM,2025
466,32,JAWA BARAT,3271,KOTA BOGOR,3,"SIMPANG
  TALANG - SIMPANG POMAD",,5382,SMP/JAM,2025
467,32,JAWA BARAT,3271,KOTA BOGOR,3,"SIMPANG
  POMAD - SIMPANG TALANG",,5382,SMP/JAM,2025
468,32,JAWA BARAT,3271,KOTA BOGOR,4,"SIMPANG
  POMAD - SIMPANG CILUAR (BATAS KOTA)",,5187,SMP/JAM,2025
469,32,JAWA BARAT,3271,KOTA BOGOR,4,"SIMPANG
  CILUAR (BATAS KOTA) - SIMPANG POMAD",,5187,SMP/JAM,2025